path	production
Sources/A/X.swift	true
Sources/A/SpeedTest.swift	true
Sources/A/ItemTests.swift	true
Sources/A/ABTest.swift	true
Sources/A/MockClient.swift	true
Sources/A/Model.pb.swift	true
Sources/ATestSupport/X.swift	true
Mocks/X.swift	true
Examples/X.swift	true
ExampleCode/X.swift	true
Core/Sources/Core/X.swift	true
Packages/P/Sources/P/X.swift	true
fixtures/x/Sources/X/Y.swift	true
X.swift	true
Tests/ATests/X.swift	false
App/AppTests/X.swift	false
Tests/Fixtures/Pkg/Sources/P/X.swift	false
Packages/P/Tests/PTests/X.swift	false
Package.swift	false
Package@swift-5.9.swift	false
Core/Package.swift	false
Packages/P/Package@swift-6.0.swift	false
.build/checkouts/x/Y.swift	false
Sources/.hidden/X.swift	false
DerivedData/x/Y.swift	false
Pods/x/Y.swift	false
Carthage/Checkouts/x/Y.swift	false
node_modules/x/Y.swift	false
Sources/A/README.md	false
Sources/A/X.swiftinterface	false
